"Team ID","Team display name","Team root URL"
1,"codex",https://cs3099user01.host.cs.st-andrews.ac.uk/api/sg
4,"Journal 4",https://cs3099user04.host.cs.st-andrews.ac.uk/
7,"Sequoia Research",https://cs3099user07.host.cs.st-andrews.ac.uk/
10,"Team 10",https://cs3099user10.host.cs.st-andrews.ac.uk/
14,"Journal 14",https://cs3099user14.host.cs.st-andrews.ac.uk/
16,"FJAC",https://cs3099user16.host.cs.st-andrews.ac.uk/api
19,"Team 19",https://cs3099user19.host.cs.st-andrews.ac.uk/node
22,"Journal of Physics",https://cs3099user22.host.cs.st-andrews.ac.uk/
25,"MoralCode",https://cs3099user25.host.cs.st-andrews.ac.uk/api
